use mprod_cazapesca;
-- MySQL dump 10.13  Distrib 5.7.25, for Linux (x86_64)
--
-- Host: localhost    Database: mprod_cazapesca
-- ------------------------------------------------------
-- Server version	5.7.25-0ubuntu0.18.04.2

/*!40101 SET @OLD_CHARACTER_SET_CLIENT=@@CHARACTER_SET_CLIENT */;
/*!40101 SET @OLD_CHARACTER_SET_RESULTS=@@CHARACTER_SET_RESULTS */;
/*!40101 SET @OLD_COLLATION_CONNECTION=@@COLLATION_CONNECTION */;
/*!40101 SET NAMES utf8 */;
/*!40103 SET @OLD_TIME_ZONE=@@TIME_ZONE */;
/*!40103 SET TIME_ZONE='+00:00' */;
/*!40014 SET @OLD_UNIQUE_CHECKS=@@UNIQUE_CHECKS, UNIQUE_CHECKS=0 */;
/*!40014 SET @OLD_FOREIGN_KEY_CHECKS=@@FOREIGN_KEY_CHECKS, FOREIGN_KEY_CHECKS=0 */;
/*!40101 SET @OLD_SQL_MODE=@@SQL_MODE, SQL_MODE='NO_AUTO_VALUE_ON_ZERO' */;
/*!40111 SET @OLD_SQL_NOTES=@@SQL_NOTES, SQL_NOTES=0 */;

--
-- Table structure for table `comprobante`
--

DROP TABLE IF EXISTS `comprobante`;
/*!40101 SET @saved_cs_client     = @@character_set_client */;
/*!40101 SET character_set_client = utf8 */;
CREATE TABLE `comprobante` (
  `id` int(11) NOT NULL AUTO_INCREMENT,
  `monto` double NOT NULL,
  `recargo_segundo_vencimiento` double DEFAULT NULL,
  `recargo_primer_vencimiento` double DEFAULT NULL,
  `cliente_sap` varchar(255) COLLATE utf8_unicode_ci NOT NULL,
  `letra_servicio` varchar(255) COLLATE utf8_unicode_ci NOT NULL,
  `rendicion_numero` varchar(255) COLLATE utf8_unicode_ci DEFAULT NULL,
  `fecha_pago` datetime DEFAULT NULL,
  `primer_vencimiento` datetime DEFAULT NULL,
  `segundo_vencimiento` datetime DEFAULT NULL,
  `numero_codigo_barra` varchar(255) COLLATE utf8_unicode_ci DEFAULT NULL,
  `created_at` datetime NOT NULL,
  PRIMARY KEY (`id`)
) ENGINE=InnoDB AUTO_INCREMENT=6 DEFAULT CHARSET=utf8 COLLATE=utf8_unicode_ci;
/*!40101 SET character_set_client = @saved_cs_client */;

--
-- Dumping data for table `comprobante`
--

LOCK TABLES `comprobante` WRITE;
/*!40000 ALTER TABLE `comprobante` DISABLE KEYS */;
INSERT INTO `comprobante` VALUES (1,400,NULL,NULL,'15964','A',NULL,NULL,NULL,NULL,'15964A0000400000001000000000300000000100000000011','2019-04-23 12:53:20'),(2,300,NULL,NULL,'15964','A',NULL,NULL,NULL,NULL,'15964A000030000000700000000100000000200000000022','2019-04-23 12:57:21'),(3,400,NULL,NULL,'15964','A',NULL,NULL,NULL,NULL,'15964A0000400000001000000000300000000300000000033','2019-04-23 13:43:20'),(4,300,NULL,NULL,'15964','A',NULL,NULL,NULL,NULL,'15964A000030000000700000000100000000400000000044','2019-04-23 13:45:13'),(5,400,NULL,NULL,'15964','A',NULL,NULL,NULL,NULL,'15964A0000400000001000000000300000000500000000055','2019-04-23 14:36:11');
/*!40000 ALTER TABLE `comprobante` ENABLE KEYS */;
UNLOCK TABLES;

--
-- Table structure for table `licencia`
--

DROP TABLE IF EXISTS `licencia`;
/*!40101 SET @saved_cs_client     = @@character_set_client */;
/*!40101 SET character_set_client = utf8 */;
CREATE TABLE `licencia` (
  `id` int(11) NOT NULL AUTO_INCREMENT,
  `tipo_licencia_id` int(11) DEFAULT NULL,
  `persona_id` int(11) DEFAULT NULL,
  `comprobante_id` int(11) DEFAULT NULL,
  `fecha_emitida` datetime NOT NULL,
  `fecha_desde` datetime NOT NULL,
  `fecha_vencimiento` datetime NOT NULL,
  PRIMARY KEY (`id`),
  UNIQUE KEY `UNIQ_3C18920B25662B3A` (`comprobante_id`),
  KEY `IDX_3C18920BF2B74DB` (`tipo_licencia_id`),
  KEY `IDX_3C18920BF5F88DB9` (`persona_id`),
  CONSTRAINT `FK_3C18920B25662B3A` FOREIGN KEY (`comprobante_id`) REFERENCES `comprobante` (`id`),
  CONSTRAINT `FK_3C18920BF2B74DB` FOREIGN KEY (`tipo_licencia_id`) REFERENCES `tipo_licencia` (`id`),
  CONSTRAINT `FK_3C18920BF5F88DB9` FOREIGN KEY (`persona_id`) REFERENCES `persona` (`id`)
) ENGINE=InnoDB AUTO_INCREMENT=6 DEFAULT CHARSET=utf8 COLLATE=utf8_unicode_ci;
/*!40101 SET character_set_client = @saved_cs_client */;

--
-- Dumping data for table `licencia`
--

LOCK TABLES `licencia` WRITE;
/*!40000 ALTER TABLE `licencia` DISABLE KEYS */;
INSERT INTO `licencia` VALUES (1,3,1,1,'2019-04-23 12:53:20','2019-04-23 00:00:00','2019-04-30 12:53:20'),(2,1,1,2,'2019-04-23 12:57:21','2019-04-23 00:00:00','2019-12-31 00:00:00'),(3,3,1,3,'2019-04-23 13:43:20','2019-04-23 00:00:00','2019-04-30 13:43:20'),(4,1,1,4,'2019-04-23 13:45:13','2019-04-23 00:00:00','2019-12-31 00:00:00'),(5,3,2,5,'2019-04-23 14:36:11','2019-04-23 00:00:00','2019-04-30 14:36:11');
/*!40000 ALTER TABLE `licencia` ENABLE KEYS */;
UNLOCK TABLES;

--
-- Table structure for table `localidad`
--

DROP TABLE IF EXISTS `localidad`;
/*!40101 SET @saved_cs_client     = @@character_set_client */;
/*!40101 SET character_set_client = utf8 */;
CREATE TABLE `localidad` (
  `id` int(11) NOT NULL AUTO_INCREMENT,
  `provincia_id` int(11) DEFAULT NULL,
  `l_distrito` varchar(3) COLLATE utf8_unicode_ci NOT NULL,
  `l_nom_dis` varchar(150) COLLATE utf8_unicode_ci NOT NULL,
  `l_departamento` varchar(3) COLLATE utf8_unicode_ci NOT NULL,
  `l_nom_dpto` varchar(150) COLLATE utf8_unicode_ci NOT NULL,
  `nodo` varchar(250) COLLATE utf8_unicode_ci NOT NULL,
  PRIMARY KEY (`id`),
  KEY `IDX_4F68E0104E7121AF` (`provincia_id`),
  CONSTRAINT `FK_4F68E0104E7121AF` FOREIGN KEY (`provincia_id`) REFERENCES `provincia` (`id`)
) ENGINE=InnoDB AUTO_INCREMENT=364 DEFAULT CHARSET=utf8 COLLATE=utf8_unicode_ci;
/*!40101 SET character_set_client = @saved_cs_client */;

--
-- Dumping data for table `localidad`
--

LOCK TABLES `localidad` WRITE;
/*!40000 ALTER TABLE `localidad` DISABLE KEYS */;
INSERT INTO `localidad` VALUES (1,20,'490','NICANOR MOLINAS','49','GENERAL OBLIGADO','RECONQUISTA'),(2,20,'501','SALADERO CABAL','35','GARAY','SANTA FE'),(3,20,'620','ARMSTRONG','7','BELGRANO','ROSARIO'),(4,20,'621','BOUQUET','7','BELGRANO','ROSARIO'),(5,20,'622','LAS PAREJAS','7','BELGRANO','ROSARIO'),(6,20,'623','LAS ROSAS','7','BELGRANO','ROSARIO'),(7,20,'624','MONTES DE OCA','7','BELGRANO','ROSARIO'),(8,20,'625','TORTUGAS','7','BELGRANO','ROSARIO'),(9,20,'627','AREQUITO','14','CASEROS','ROSARIO'),(10,20,'628','ARTEAGA','14','CASEROS','ROSARIO'),(11,20,'629','BERAVEBU','14','CASEROS','VENADO TUERTO'),(12,20,'630','BIGAND','14','CASEROS','ROSARIO'),(13,20,'631','CASILDA','14','CASEROS','ROSARIO'),(14,20,'632','CHABAS','14','CASEROS','ROSARIO'),(15,20,'633','CHAÑAR LADEADO','14','CASEROS','VENADO TUERTO'),(16,20,'634','GODEKEN','14','CASEROS','VENADO TUERTO'),(17,20,'635','LOS MOLINOS','14','CASEROS','ROSARIO'),(18,20,'636','LOS QUIRQUINCHOS','14','CASEROS','VENADO TUERTO'),(19,20,'637','SANFORD','14','CASEROS','ROSARIO'),(20,20,'638','SAN JOSE DE LA ESQUINA','14','CASEROS','ROSARIO'),(21,20,'639','VILLADA','14','CASEROS','ROSARIO'),(22,20,'641','ANGELICA','21','CASTELLANOS','RAFAELA'),(23,20,'642','ATALIVA','21','CASTELLANOS','RAFAELA'),(24,20,'643','AURELIA','21','CASTELLANOS','RAFAELA'),(25,20,'644','BAUER Y SIGEL','21','CASTELLANOS','RAFAELA'),(26,20,'645','BELLA ITALIA','21','CASTELLANOS','RAFAELA'),(27,20,'646','CASTELLANOS','21','CASTELLANOS','RAFAELA'),(28,20,'647','COLONIA ALDAO','21','CASTELLANOS','RAFAELA'),(29,20,'648','COLONIA BICHA','21','CASTELLANOS','RAFAELA'),(30,20,'649','BIGAND','21','CASTELLANOS','RAFAELA'),(31,20,'650','COLONIA CELLO','21','CASTELLANOS','RAFAELA'),(32,20,'651','TACURAL','21','CASTELLANOS','RAFAELA'),(33,20,'652','COLONIA ITURRASPE','21','CASTELLANOS','RAFAELA'),(34,20,'653','COLONIA MARGARITA','21','CASTELLANOS','RAFAELA'),(35,20,'654','COLONIA RAQUEL','21','CASTELLANOS','RAFAELA'),(36,20,'655','TACURALES','21','CASTELLANOS','RAFAELA'),(37,20,'656','CORONEL FRAGA','21','CASTELLANOS','RAFAELA'),(38,20,'657','EGUSQUIZA','21','CASTELLANOS','RAFAELA'),(39,20,'658','ESMERALDA','21','CASTELLANOS','RAFAELA'),(40,20,'659','ESTACION CLUCELLAS','21','CASTELLANOS','RAFAELA'),(41,20,'660','EUSEBIA Y CAROLINA','21','CASTELLANOS','RAFAELA'),(42,20,'661','EUSTOLIA','21','CASTELLANOS','RAFAELA'),(43,20,'662','FIDELA','21','CASTELLANOS','RAFAELA'),(44,20,'663','FRONTERA','21','CASTELLANOS','RAFAELA'),(45,20,'664','GALISTEO','21','CASTELLANOS','RAFAELA'),(46,20,'665','GARIBALDI','21','CASTELLANOS','RAFAELA'),(47,20,'666','HUGENTOBLER','21','CASTELLANOS','RAFAELA'),(48,20,'667','HUMBERTO PRIMO','21','CASTELLANOS','RAFAELA'),(49,20,'668','JOSEFINA','21','CASTELLANOS','RAFAELA'),(50,20,'669','LEHMANN','21','CASTELLANOS','RAFAELA'),(51,20,'670','MARIA JUANA','21','CASTELLANOS','RAFAELA'),(52,20,'671','MAUA','21','CASTELLANOS','RAFAELA'),(53,20,'672','PLAZA CLUCELLAS','21','CASTELLANOS','RAFAELA'),(54,20,'673','PRESIDENTE ROCA','21','CASTELLANOS','RAFAELA'),(55,20,'674','PUEBLO MARINI','21','CASTELLANOS','RAFAELA'),(56,20,'675','RAFAELA','21','CASTELLANOS','RAFAELA'),(57,20,'676','RAMONA','21','CASTELLANOS','RAFAELA'),(58,20,'677','SAGUIER','21','CASTELLANOS','RAFAELA'),(59,20,'678','SAN ANTONIO','21','CASTELLANOS','RAFAELA'),(60,20,'679','SANTA CLARA DE SAGUIER','21','CASTELLANOS','RAFAELA'),(61,20,'680','SAN VICENTE','21','CASTELLANOS','RAFAELA'),(62,20,'681','SUNCHALES','21','CASTELLANOS','RAFAELA'),(63,20,'682','SUSANA','21','CASTELLANOS','RAFAELA'),(64,20,'683','VILA','21','CASTELLANOS','RAFAELA'),(65,20,'684','VILLA SAN JOSE','21','CASTELLANOS','RAFAELA'),(66,20,'685','VIRGINIA','21','CASTELLANOS','RAFAELA'),(67,20,'686','ZENON PEREYRA','21','CASTELLANOS','RAFAELA'),(68,20,'688','ALCORTA','28','CONSTITUCION','ROSARIO'),(69,20,'689','BOMBAL','28','CONSTITUCION','VENADO TUERTO'),(70,20,'690','CAÑADA RICA','28','CONSTITUCION','ROSARIO'),(71,20,'691','CEPEDA','28','CONSTITUCION','ROSARIO'),(72,20,'692','EMPALME VILLA CONSTITUCION','28','CONSTITUCION','ROSARIO'),(73,20,'693','GENERAL GELLY','28','CONSTITUCION','ROSARIO'),(74,20,'694','GODOY','28','CONSTITUCION','ROSARIO'),(75,20,'695','JUAN B. MOLINA','28','CONSTITUCION','ROSARIO'),(76,20,'696','JUNCAL','28','CONSTITUCION','ROSARIO'),(77,20,'697','LA VANGUARDIA','28','CONSTITUCION','ROSARIO'),(78,20,'698','MAXIMO PAZ','28','CONSTITUCION','ROSARIO'),(79,20,'699','PAVON ARRIBA','28','CONSTITUCION','ROSARIO'),(80,20,'700','PEYRANO','28','CONSTITUCION','ROSARIO'),(81,20,'701','RUEDA','28','CONSTITUCION','ROSARIO'),(82,20,'702','SANTA TERESA','28','CONSTITUCION','ROSARIO'),(83,20,'703','SARGENTO CABRAL','28','CONSTITUCION','ROSARIO'),(84,20,'704','THEOBALD','28','CONSTITUCION','ROSARIO'),(85,20,'705','VILLA CONSTITUCION','28','CONSTITUCION','ROSARIO'),(86,20,'706','PAVON','28','CONSTITUCION','ROSARIO'),(87,20,'707','CAYASTA','35','GARAY','SANTA FE'),(88,20,'708','HELVECIA','35','GARAY','SANTA FE'),(89,20,'709','SANTA ROSA DE CALCHINES','35','GARAY','SANTA FE'),(90,20,'710','COLONIA MASCIAS','35','GARAY','SANTA FE'),(91,20,'711','AARON CASTELLANOS','42','GENERAL LOPEZ','VENADO TUERTO'),(92,20,'712','AMENABAR','42','GENERAL LOPEZ','VENADO TUERTO'),(93,20,'713','CAFFERATA','42','GENERAL LOPEZ','VENADO TUERTO'),(94,20,'714','CAÑADA DEL UCLE','42','GENERAL LOPEZ','VENADO TUERTO'),(95,20,'715','CARMEN','42','GENERAL LOPEZ','VENADO TUERTO'),(96,20,'716','CARRERAS','42','GENERAL LOPEZ','VENADO TUERTO'),(97,20,'717','CHAPUY','42','GENERAL LOPEZ','VENADO TUERTO'),(98,20,'718','MURPHY','42','GENERAL LOPEZ','VENADO TUERTO'),(99,20,'719','CHOVET','42','GENERAL LOPEZ','VENADO TUERTO'),(100,20,'720','CHRISTOPHERSEN','42','GENERAL LOPEZ','VENADO TUERTO'),(101,20,'721','DIEGO DE ALVEAR','42','GENERAL LOPEZ','VENADO TUERTO'),(102,20,'722','ELORTONDO','42','GENERAL LOPEZ','VENADO TUERTO'),(103,20,'723','FIRMAT','42','GENERAL LOPEZ','VENADO TUERTO'),(104,20,'724','HUGHES','42','GENERAL LOPEZ','VENADO TUERTO'),(105,20,'725','LABORDEBOY','42','GENERAL LOPEZ','VENADO TUERTO'),(106,20,'726','LA CHISPA','42','GENERAL LOPEZ','VENADO TUERTO'),(107,20,'727','LAZZARINO','42','GENERAL LOPEZ','VENADO TUERTO'),(108,20,'728','MAGGIOLO','42','GENERAL LOPEZ','VENADO TUERTO'),(109,20,'729','MARIA TERESA','42','GENERAL LOPEZ','VENADO TUERTO'),(110,20,'730','MELINCUE','42','GENERAL LOPEZ','VENADO TUERTO'),(111,20,'731','MIGUEL TORRES','42','GENERAL LOPEZ','VENADO TUERTO'),(112,20,'732','RUFINO','42','GENERAL LOPEZ','VENADO TUERTO'),(113,20,'733','SANCTI SPIRITU','42','GENERAL LOPEZ','VENADO TUERTO'),(114,20,'734','SAN EDUARDO','42','GENERAL LOPEZ','VENADO TUERTO'),(115,20,'735','SAN FRANCISCO DE SANTA FE','42','GENERAL LOPEZ','VENADO TUERTO'),(116,20,'736','SAN GREGORIO','42','GENERAL LOPEZ','VENADO TUERTO'),(117,20,'737','SANTA ISABEL','42','GENERAL LOPEZ','VENADO TUERTO'),(118,20,'738','TEODELINA','42','GENERAL LOPEZ','VENADO TUERTO'),(119,20,'739','VENADO TUERTO','42','GENERAL LOPEZ','VENADO TUERTO'),(120,20,'740','VILLA CAÑAS','42','GENERAL LOPEZ','VENADO TUERTO'),(121,20,'741','WHEELWRIGHT','42','GENERAL LOPEZ','VENADO TUERTO'),(122,20,'742','GUADALUPE NORTE','49','GENERAL OBLIGADO','RECONQUISTA'),(123,20,'743','AVELLANEDA','49','GENERAL OBLIGADO','RECONQUISTA'),(124,20,'744','ARROYO CEIBAL','49','GENERAL OBLIGADO','RECONQUISTA'),(125,20,'745','BERNA','49','GENERAL OBLIGADO','RECONQUISTA'),(126,20,'746','MALABRIGO','49','GENERAL OBLIGADO','RECONQUISTA'),(127,20,'747','FLORENCIA','49','GENERAL OBLIGADO','RECONQUISTA'),(128,20,'748','GARABATO','133','VERA','RECONQUISTA'),(129,20,'749','GOLONDRINA','133','VERA','RECONQUISTA'),(130,20,'750','CAÑADA OMBU','133','VERA','RECONQUISTA'),(131,20,'751','INGENIERO CHANOURDIE','49','GENERAL OBLIGADO','RECONQUISTA'),(132,20,'752','INTIYACO','133','VERA','RECONQUISTA'),(133,20,'753','LANTERI','49','GENERAL OBLIGADO','RECONQUISTA'),(134,20,'754','LAS GARZAS','49','GENERAL OBLIGADO','RECONQUISTA'),(135,20,'755','EL SOMBRERITO','49','GENERAL OBLIGADO','RECONQUISTA'),(136,20,'756','LAS TOSCAS','49','GENERAL OBLIGADO','RECONQUISTA'),(137,20,'757','EL RABON','49','GENERAL OBLIGADO','RECONQUISTA'),(138,20,'758','LOS AMORES','133','VERA','RECONQUISTA'),(139,20,'759','RECONQUISTA','49','GENERAL OBLIGADO','RECONQUISTA'),(140,20,'760','LOS LAURELES','49','GENERAL OBLIGADO','RECONQUISTA'),(141,20,'761','SAN ANTONIO DE OBLIGADO','49','GENERAL OBLIGADO','RECONQUISTA'),(142,20,'762','TACUARENDI','49','GENERAL OBLIGADO','RECONQUISTA'),(143,20,'763','TARTAGAL','133','VERA','RECONQUISTA'),(144,20,'764','VILLA ANA','49','GENERAL OBLIGADO','RECONQUISTA'),(145,20,'765','VILLA GUILLERMINA','49','GENERAL OBLIGADO','RECONQUISTA'),(146,20,'766','VILLA OCAMPO','49','GENERAL OBLIGADO','RECONQUISTA'),(147,20,'767','EL ARAZA','49','GENERAL OBLIGADO','RECONQUISTA'),(148,20,'768','LA SARITA','49','GENERAL OBLIGADO','RECONQUISTA'),(149,20,'769','PUEBLO ANDINO','56','IRIONDO','ROSARIO'),(150,20,'770','BUSTINZA','56','IRIONDO','ROSARIO'),(151,20,'771','CAÑADA DE GOMEZ','56','IRIONDO','ROSARIO'),(152,20,'772','CARRIZALES','56','IRIONDO','ROSARIO'),(153,20,'773','CLASSON','56','IRIONDO','ROSARIO'),(154,20,'774','CORREA','56','IRIONDO','ROSARIO'),(155,20,'775','SALTO GRANDE','56','IRIONDO','ROSARIO'),(156,20,'776','LUCIO V. LOPEZ','56','IRIONDO','ROSARIO'),(157,20,'777','OLIVEROS','56','IRIONDO','ROSARIO'),(158,20,'778','TOTORAS','56','IRIONDO','ROSARIO'),(159,20,'779','SERODINO','56','IRIONDO','ROSARIO'),(160,20,'780','VILLA ELOISA','56','IRIONDO','ROSARIO'),(161,20,'782','ARROYO AGUIAR','63','LA CAPITAL','SANTA FE'),(162,20,'783','CABAL','63','LA CAPITAL','SANTA FE'),(163,20,'784','CANDIOTI','63','LA CAPITAL','SANTA FE'),(164,20,'785','EMILIA','63','LA CAPITAL','SANTA FE'),(165,20,'786','LAGUNA PAIVA','63','LA CAPITAL','SANTA FE'),(166,20,'787','LLAMBI CAMPBELL','63','LA CAPITAL','SANTA FE'),(167,20,'788','MONTE VERA','63','LA CAPITAL','SANTA FE'),(168,20,'789','NELSON','63','LA CAPITAL','SANTA FE'),(169,20,'790','RECREO','63','LA CAPITAL','SANTA FE'),(170,20,'791','CAMPO ANDINO','63','LA CAPITAL','SANTA FE'),(171,20,'792','SANTA FE','63','LA CAPITAL','SANTA FE'),(172,20,'793','SANTO TOME','63','LA CAPITAL','SANTA FE'),(173,20,'794','SAUCE VIEJO','63','LA CAPITAL','SANTA FE'),(174,20,'795','ARROYO LEYES','63','LA CAPITAL','SANTA FE'),(175,20,'796','SAN JOSE DEL RINCON','63','LA CAPITAL','SANTA FE'),(176,20,'797','CAVOUR','70','LAS COLONIAS','SANTA FE'),(177,20,'798','CULULU','70','LAS COLONIAS','SANTA FE'),(178,20,'799','ELISA','70','LAS COLONIAS','SANTA FE'),(179,20,'800','EMPALME SAN CARLOS','70','LAS COLONIAS','SANTA FE'),(180,20,'801','ESPERANZA','70','LAS COLONIAS','SANTA FE'),(181,20,'802','FELICIA','70','LAS COLONIAS','SANTA FE'),(182,20,'803','FRANCK','70','LAS COLONIAS','SANTA FE'),(183,20,'804','GRUTLY','70','LAS COLONIAS','SANTA FE'),(184,20,'805','HIPATIA','70','LAS COLONIAS','SANTA FE'),(185,20,'806','HUMBOLDT','70','LAS COLONIAS','SANTA FE'),(186,20,'807','ITUZAINGO','70','LAS COLONIAS','SANTA FE'),(187,20,'808','JACINTO L. ARAUZ','70','LAS COLONIAS','SANTA FE'),(188,20,'809','LA PELADA','70','LAS COLONIAS','SANTA FE'),(189,20,'810','LAS TUNAS','70','LAS COLONIAS','SANTA FE'),(190,20,'811','MARIA LUISA','70','LAS COLONIAS','SANTA FE'),(191,20,'812','MATILDE','70','LAS COLONIAS','SANTA FE'),(192,20,'813','NUEVO TORINO','70','LAS COLONIAS','SANTA FE'),(193,20,'814','PILAR','70','LAS COLONIAS','SANTA FE'),(194,20,'815','PROGRESO','70','LAS COLONIAS','SANTA FE'),(195,20,'816','PROVIDENCIA','70','LAS COLONIAS','SANTA FE'),(196,20,'817','PUJATO NORTE','70','LAS COLONIAS','SANTA FE'),(197,20,'818','RIVADAVIA','70','LAS COLONIAS','SANTA FE'),(198,20,'819','SA PEREYRA','70','LAS COLONIAS','SANTA FE'),(199,20,'820','SAN AGUSTIN','70','LAS COLONIAS','SANTA FE'),(200,20,'821','SAN CARLOS CENTRO','70','LAS COLONIAS','SANTA FE'),(201,20,'822','SAN CARLOS NORTE','70','LAS COLONIAS','SANTA FE'),(202,20,'823','SAN CARLOS SUD','70','LAS COLONIAS','SANTA FE'),(203,20,'824','SAN JERONIMO DEL SAUCE','70','LAS COLONIAS','SANTA FE'),(204,20,'825','SAN JERONIMO NORTE','70','LAS COLONIAS','SANTA FE'),(205,20,'826','SAN JOSE','70','LAS COLONIAS','SANTA FE'),(206,20,'827','SAN MARIANO','70','LAS COLONIAS','SANTA FE'),(207,20,'828','SANTA CLARA DE BUENA VISTA','70','LAS COLONIAS','SANTA FE'),(208,20,'829','SANTA MARIA CENTRO','70','LAS COLONIAS','SANTA FE'),(209,20,'830','SANTA MARIA NORTE','70','LAS COLONIAS','SANTA FE'),(210,20,'831','SANTO DOMINGO','70','LAS COLONIAS','SANTA FE'),(211,20,'832','SARMIENTO','70','LAS COLONIAS','SANTA FE'),(212,20,'833','SOUTOMAYOR','70','LAS COLONIAS','SANTA FE'),(213,20,'834','SAN BERNARDO','77','9 DE JULIO','RAFAELA'),(214,20,'835','ESTEBAN RAMS','77','9 DE JULIO','RAFAELA'),(215,20,'836','JUAN DE GARAY','77','9 DE JULIO','RAFAELA'),(216,20,'837','LOGRONO','77','9 DE JULIO','RAFAELA'),(217,20,'838','GREGORIA PEREZ DE DENIS','77','9 DE JULIO','RAFAELA'),(218,20,'839','MONTEFIORE','77','9 DE JULIO','RAFAELA'),(219,20,'840','VILLA MINETTI','77','9 DE JULIO','RAFAELA'),(220,20,'841','POZO BORRADO','77','9 DE JULIO','RAFAELA'),(221,20,'842','SANTA MARGARITA','77','9 DE JULIO','RAFAELA'),(222,20,'843','GATO COLORADO','77','9 DE JULIO','RAFAELA'),(223,20,'844','TOSTADO','77','9 DE JULIO','RAFAELA'),(224,20,'846','ACEBAL','84','ROSARIO','ROSARIO'),(225,20,'847','ALBARELLOS','84','ROSARIO','ROSARIO'),(226,20,'848','ALVAREZ','84','ROSARIO','ROSARIO'),(227,20,'849','ALVEAR','84','ROSARIO','ROSARIO'),(228,20,'850','ARMINDA','84','ROSARIO','ROSARIO'),(229,20,'851','ARROYO SECO','84','ROSARIO','ROSARIO'),(230,20,'852','CARMEN DEL SAUCE','84','ROSARIO','ROSARIO'),(231,20,'853','CORONEL RODOLFO DOMINGUEZ','84','ROSARIO','ROSARIO'),(232,20,'854','FIGHIERA','84','ROSARIO','ROSARIO'),(233,20,'855','FUNES','84','ROSARIO','ROSARIO'),(234,20,'856','GRANADERO BAIGORRIA','84','ROSARIO','ROSARIO'),(235,20,'857','IBARLUCEA','84','ROSARIO','ROSARIO'),(236,20,'858','PEREZ','84','ROSARIO','ROSARIO'),(237,20,'859','PINERO','84','ROSARIO','ROSARIO'),(238,20,'860','PUEBLO ESTHER','84','ROSARIO','ROSARIO'),(239,20,'861','PUEBLO MUNOZ','84','ROSARIO','ROSARIO'),(240,20,'862','CORONEL BOGADO','84','ROSARIO','ROSARIO'),(241,20,'863','ROSARIO','84','ROSARIO','ROSARIO'),(242,20,'865','SOLDINI','84','ROSARIO','ROSARIO'),(243,20,'866','URANGA','84','ROSARIO','ROSARIO'),(244,20,'867','VILLA AMELIA','84','ROSARIO','ROSARIO'),(245,20,'868','VILLA GOBERNADOR GALVEZ','84','ROSARIO','ROSARIO'),(246,20,'869','ZAVALLA','84','ROSARIO','ROSARIO'),(247,20,'870','GENERAL LAGOS','84','ROSARIO','ROSARIO'),(248,20,'871','AGUARA GRANDE','91','SAN CRISTOBAL','RAFAELA'),(249,20,'872','AMBROSETTI','91','SAN CRISTOBAL','RAFAELA'),(250,20,'873','ARRUFO','91','SAN CRISTOBAL','RAFAELA'),(251,20,'874','CAPIVARA','91','SAN CRISTOBAL','RAFAELA'),(252,20,'875','CERES','91','SAN CRISTOBAL','RAFAELA'),(253,20,'876','COLONIA ANA','91','SAN CRISTOBAL','RAFAELA'),(254,20,'877','COLONIA BOSSI','91','SAN CRISTOBAL','RAFAELA'),(255,20,'878','COLONIA CLARA','91','SAN CRISTOBAL','RAFAELA'),(256,20,'879','COLONIA ROSA','91','SAN CRISTOBAL','RAFAELA'),(257,20,'880','CONSTANZA','91','SAN CRISTOBAL','RAFAELA'),(258,20,'881','CURUPAYTI','91','SAN CRISTOBAL','RAFAELA'),(259,20,'882','DOS ROSAS Y LA LEGUA','91','SAN CRISTOBAL','RAFAELA'),(260,20,'883','HERSILIA','91','SAN CRISTOBAL','RAFAELA'),(261,20,'884','HUANQUEROS','91','SAN CRISTOBAL','RAFAELA'),(262,20,'885','LA LUCILA','91','SAN CRISTOBAL','RAFAELA'),(263,20,'886','LA RUBIA','91','SAN CRISTOBAL','RAFAELA'),(264,20,'887','LAS AVISPAS','91','SAN CRISTOBAL','RAFAELA'),(265,20,'888','LAS PALMERAS','91','SAN CRISTOBAL','RAFAELA'),(266,20,'889','MOISES VILLE','91','SAN CRISTOBAL','RAFAELA'),(267,20,'890','MONIGOTES','91','SAN CRISTOBAL','RAFAELA'),(268,20,'891','MONTE OSCURIDAD','91','SAN CRISTOBAL','RAFAELA'),(269,20,'892','NANDUCITA','91','SAN CRISTOBAL','RAFAELA'),(270,20,'893','PALACIOS','91','SAN CRISTOBAL','RAFAELA'),(271,20,'894','PORTUGALETE','91','SAN CRISTOBAL','RAFAELA'),(272,20,'895','SAN CRISTOBAL','91','SAN CRISTOBAL','RAFAELA'),(273,20,'896','SAN GUILLERMO','91','SAN CRISTOBAL','RAFAELA'),(274,20,'897','SANTURCE','91','SAN CRISTOBAL','RAFAELA'),(275,20,'898','SOLEDAD','91','SAN CRISTOBAL','RAFAELA'),(276,20,'899','SUARDI','91','SAN CRISTOBAL','RAFAELA'),(277,20,'900','VILLA SARALEGUI','91','SAN CRISTOBAL','RAFAELA'),(278,20,'901','VILLA TRINIDAD','91','SAN CRISTOBAL','RAFAELA'),(279,20,'902','LA CABRAL','91','SAN CRISTOBAL','RAFAELA'),(280,20,'903','ALEJANDRA','98','SAN JAVIER','RECONQUISTA'),(281,20,'904','CACIQUE ARIACAIQUIN','98','SAN JAVIER','SANTA FE'),(282,20,'905','ROMANG','98','SAN JAVIER','RECONQUISTA'),(283,20,'906','COLONIA DURAN','98','SAN JAVIER','RECONQUISTA'),(284,20,'907','SAN JAVIER','98','SAN JAVIER','SANTA FE'),(285,20,'908','LA BRAVA','98','SAN JAVIER','SANTA FE'),(286,20,'909','COLONIA TERESA','98','SAN JAVIER','SANTA FE'),(287,20,'910','AROCENA','105','SAN GERONIMO','SANTA FE'),(288,20,'911','BARRANCAS','105','SAN GERONIMO','SANTA FE'),(289,20,'912','BERNARDO DE IRIGOYEN','105','SAN GERONIMO','SANTA FE'),(290,20,'913','CAMPO PIAGGIO','105','SAN GERONIMO','SANTA FE'),(291,20,'914','CASALEGNO','105','SAN GERONIMO','SANTA FE'),(292,20,'915','CENTENO','105','SAN GERONIMO','ROSARIO'),(293,20,'916','CORONDA','105','SAN GERONIMO','SANTA FE'),(294,20,'917','DESVIO ARIJON','105','SAN GERONIMO','SANTA FE'),(295,20,'918','DIAZ','105','SAN GERONIMO','SANTA FE'),(296,20,'919','GABOTO','105','SAN GERONIMO','SANTA FE'),(297,20,'920','GALVEZ','105','SAN GERONIMO','SANTA FE'),(298,20,'921','GESSLER','105','SAN GERONIMO','SANTA FE'),(299,20,'922','IRIGOYEN','105','SAN GERONIMO','SANTA FE'),(300,20,'923','LARRECHEA','105','SAN GERONIMO','SANTA FE'),(301,20,'924','LOMA ALTA','105','SAN GERONIMO','SANTA FE'),(302,20,'925','LOPEZ','105','SAN GERONIMO','SANTA FE'),(303,20,'926','MACIEL','105','SAN GERONIMO','SANTA FE'),(304,20,'927','SAN EUGENIO','105','SAN GERONIMO','SANTA FE'),(305,20,'928','SAN FABIAN','105','SAN GERONIMO','SANTA FE'),(306,20,'929','SAN GENARO','105','SAN GERONIMO','ROSARIO'),(307,20,'931','MONJE','105','SAN GERONIMO','SANTA FE'),(308,20,'933','ANGELONI','112','SAN JUSTO','SANTA FE'),(309,20,'934','CAYASTACITO','112','SAN JUSTO','SANTA FE'),(310,20,'935','ESTHER','112','SAN JUSTO','SANTA FE'),(311,20,'936','GOBERNADOR CRESPO','112','SAN JUSTO','SANTA FE'),(312,20,'937','LA CRIOLLA','112','SAN JUSTO','SANTA FE'),(313,20,'938','LA PENCA Y CARAGUATA','112','SAN JUSTO','SANTA FE'),(314,20,'939','MARCELINO ESCALADA','112','SAN JUSTO','SANTA FE'),(315,20,'940','NARE','112','SAN JUSTO','SANTA FE'),(316,20,'941','PEDRO GOMEZ CELLO','112','SAN JUSTO','SANTA FE'),(317,20,'942','RAMAYON','112','SAN JUSTO','SANTA FE'),(318,20,'943','SAN BERNARDO','112','SAN JUSTO','SANTA FE'),(319,20,'944','SAN JUSTO','112','SAN JUSTO','SANTA FE'),(320,20,'945','SAN MARTIN NORTE','112','SAN JUSTO','SANTA FE'),(321,20,'946','VERA Y PINTADO','112','SAN JUSTO','SANTA FE'),(322,20,'947','LA CAMILA','112','SAN JUSTO','SANTA FE'),(323,20,'948','VIDELA','112','SAN JUSTO','SANTA FE'),(324,20,'949','SILVA','112','SAN JUSTO','SANTA FE'),(325,20,'950','COLONIA DOLORES','112','SAN JUSTO','SANTA FE'),(326,20,'951','ALDAO','119','SAN LORENZO','ROSARIO'),(327,20,'952','ROLDAN','119','SAN LORENZO','ROSARIO'),(328,20,'953','CAPITAN BERMUDEZ','119','SAN LORENZO','ROSARIO'),(329,20,'954','CARCARANA','119','SAN LORENZO','ROSARIO'),(330,20,'955','CORONEL ARNOLD','119','SAN LORENZO','ROSARIO'),(331,20,'956','FRAY LUIS BELTRAN','119','SAN LORENZO','ROSARIO'),(332,20,'957','FUENTES','119','SAN LORENZO','ROSARIO'),(333,20,'958','TIMBUES','119','SAN LORENZO','ROSARIO'),(334,20,'959','LUIS PALACIOS','119','SAN LORENZO','ROSARIO'),(335,20,'960','PUERTO GENERAL SAN MARTIN','119','SAN LORENZO','ROSARIO'),(336,20,'961','PUJATO','119','SAN LORENZO','ROSARIO'),(337,20,'962','RICARDONE','119','SAN LORENZO','ROSARIO'),(338,20,'963','SAN JERONIMO SUD','119','SAN LORENZO','ROSARIO'),(339,20,'964','SAN LORENZO','119','SAN LORENZO','ROSARIO'),(340,20,'965','VILLA MUGUETA','119','SAN LORENZO','ROSARIO'),(341,20,'967','CANADA ROSQUIN','126','SAN MARTIN','ROSARIO'),(342,20,'968','CARLOS PELLEGRINI','126','SAN MARTIN','ROSARIO'),(343,20,'969','CASAS','126','SAN MARTIN','ROSARIO'),(344,20,'970','CASTELAR','126','SAN MARTIN','RAFAELA'),(345,20,'971','COLONIA BELGRANO','126','SAN MARTIN','ROSARIO'),(346,20,'972','CRISPI','126','SAN MARTIN','RAFAELA'),(347,20,'973','EL TREBOL','126','SAN MARTIN','ROSARIO'),(348,20,'974','LANDETA','126','SAN MARTIN','ROSARIO'),(349,20,'975','LAS BANDURRIAS','126','SAN MARTIN','ROSARIO'),(350,20,'976','LAS PETACAS','126','SAN MARTIN','RAFAELA'),(351,20,'977','LOS CARDOS','126','SAN MARTIN','ROSARIO'),(352,20,'978','MARIA SUSANA','126','SAN MARTIN','ROSARIO'),(353,20,'979','PIAMONTE','126','SAN MARTIN','ROSARIO'),(354,20,'980','SAN JORGE','126','SAN MARTIN','RAFAELA'),(355,20,'981','SAN MARTIN DE LAS ESCOBAS','126','SAN MARTIN','RAFAELA'),(356,20,'982','SASTRE','126','SAN MARTIN','RAFAELA'),(357,20,'983','TRAILL','126','SAN MARTIN','RAFAELA'),(358,20,'985','CALCHAQUI','133','VERA','RECONQUISTA'),(359,20,'986','VERA','133','VERA','RECONQUISTA'),(360,20,'987','TOBA','133','VERA','RECONQUISTA'),(361,20,'988','FORTIN OLMOS','133','VERA','RECONQUISTA'),(362,20,'989','MARGARITA','133','VERA','RECONQUISTA'),(363,20,'990','LA GALLARETA','133','VERA','RECONQUISTA');
/*!40000 ALTER TABLE `localidad` ENABLE KEYS */;
UNLOCK TABLES;

--
-- Table structure for table `persona`
--

DROP TABLE IF EXISTS `persona`;
/*!40101 SET @saved_cs_client     = @@character_set_client */;
/*!40101 SET character_set_client = utf8 */;
CREATE TABLE `persona` (
  `id` int(11) NOT NULL AUTO_INCREMENT,
  `localidad_id` int(11) DEFAULT NULL,
  `tipo_documento_id` int(11) DEFAULT NULL,
  `provincia_id` int(11) DEFAULT NULL,
  `nombre` varchar(60) COLLATE utf8_unicode_ci NOT NULL,
  `apellido` varchar(60) COLLATE utf8_unicode_ci NOT NULL,
  `fecha_nacimiento` date NOT NULL,
  `domicilio_calle` varchar(60) COLLATE utf8_unicode_ci DEFAULT NULL,
  `domicilio_numero` int(11) DEFAULT NULL,
  `localidad_otra_provincia` varchar(255) COLLATE utf8_unicode_ci DEFAULT NULL,
  `numero_documento` varchar(9) COLLATE utf8_unicode_ci NOT NULL,
  `sexo` varchar(1) COLLATE utf8_unicode_ci NOT NULL,
  `jubilado` tinyint(1) NOT NULL,
  `telefono` varchar(15) COLLATE utf8_unicode_ci DEFAULT NULL,
  `email` varchar(50) COLLATE utf8_unicode_ci NOT NULL,
  `created_at` datetime DEFAULT NULL COMMENT 'Tabla persona',
  PRIMARY KEY (`id`),
  KEY `IDX_51E5B69B67707C89` (`localidad_id`),
  KEY `IDX_51E5B69BF6939175` (`tipo_documento_id`),
  KEY `IDX_51E5B69B4E7121AF` (`provincia_id`),
  CONSTRAINT `FK_51E5B69B4E7121AF` FOREIGN KEY (`provincia_id`) REFERENCES `provincia` (`id`),
  CONSTRAINT `FK_51E5B69B67707C89` FOREIGN KEY (`localidad_id`) REFERENCES `localidad` (`id`),
  CONSTRAINT `FK_51E5B69BF6939175` FOREIGN KEY (`tipo_documento_id`) REFERENCES `tipo_documento` (`id`)
) ENGINE=InnoDB AUTO_INCREMENT=3 DEFAULT CHARSET=utf8 COLLATE=utf8_unicode_ci;
/*!40101 SET character_set_client = @saved_cs_client */;

--
-- Dumping data for table `persona`
--

LOCK TABLES `persona` WRITE;
/*!40000 ALTER TABLE `persona` DISABLE KEYS */;
INSERT INTO `persona` VALUES (1,174,1,20,'Andres','Brusutti','1986-02-15','Ruta 1 km 11 calle 9 mzna 8 lote 14',9,NULL,'32186010','m',0,'3425334902','andresbrusutti@gmail.com',NULL),(2,NULL,1,1,'Pedro','Gomez','1980-01-15','Suipacha',3430,'otra provincia','32186011','m',0,'3425334902','gomez@gmail.com','2019-04-23 14:36:11');
/*!40000 ALTER TABLE `persona` ENABLE KEYS */;
UNLOCK TABLES;

--
-- Table structure for table `provincia`
--

DROP TABLE IF EXISTS `provincia`;
/*!40101 SET @saved_cs_client     = @@character_set_client */;
/*!40101 SET character_set_client = utf8 */;
CREATE TABLE `provincia` (
  `id` int(11) NOT NULL AUTO_INCREMENT,
  `nombre` varchar(255) COLLATE utf8_unicode_ci NOT NULL,
  PRIMARY KEY (`id`)
) ENGINE=InnoDB AUTO_INCREMENT=24 DEFAULT CHARSET=utf8 COLLATE=utf8_unicode_ci;
/*!40101 SET character_set_client = @saved_cs_client */;

--
-- Dumping data for table `provincia`
--

LOCK TABLES `provincia` WRITE;
/*!40000 ALTER TABLE `provincia` DISABLE KEYS */;
INSERT INTO `provincia` VALUES (1,'Buenos Aires'),(2,'Catamarca'),(3,'Chaco'),(4,'Chubut'),(5,'Córdoba'),(6,'Corrientes'),(7,'Entre Ríos'),(8,'Formosa'),(9,'Jujuy'),(10,'La Pampa'),(11,'La Rioja'),(12,'Mendoza'),(13,'Misiones'),(14,'Neuquén'),(15,'Río Negro'),(16,'Salta'),(17,'San Juan'),(18,'San Luis'),(19,'Santa Cruz'),(20,'Santa Fe'),(21,'Santiago del Estero'),(22,'Tierra del Fuego'),(23,'Tucumán');
/*!40000 ALTER TABLE `provincia` ENABLE KEYS */;
UNLOCK TABLES;

--
-- Table structure for table `tipo_documento`
--

DROP TABLE IF EXISTS `tipo_documento`;
/*!40101 SET @saved_cs_client     = @@character_set_client */;
/*!40101 SET character_set_client = utf8 */;
CREATE TABLE `tipo_documento` (
  `id` int(11) NOT NULL AUTO_INCREMENT,
  `tipo` varchar(100) COLLATE utf8_unicode_ci NOT NULL,
  PRIMARY KEY (`id`)
) ENGINE=InnoDB AUTO_INCREMENT=4 DEFAULT CHARSET=utf8 COLLATE=utf8_unicode_ci;
/*!40101 SET character_set_client = @saved_cs_client */;

--
-- Dumping data for table `tipo_documento`
--

LOCK TABLES `tipo_documento` WRITE;
/*!40000 ALTER TABLE `tipo_documento` DISABLE KEYS */;
INSERT INTO `tipo_documento` VALUES (1,'DNI'),(2,'L.E'),(3,'L.C');
/*!40000 ALTER TABLE `tipo_documento` ENABLE KEYS */;
UNLOCK TABLES;

--
-- Table structure for table `tipo_licencia`
--

DROP TABLE IF EXISTS `tipo_licencia`;
/*!40101 SET @saved_cs_client     = @@character_set_client */;
/*!40101 SET character_set_client = utf8 */;
CREATE TABLE `tipo_licencia` (
  `id` int(11) NOT NULL AUTO_INCREMENT,
  `descripcion` varchar(255) COLLATE utf8_unicode_ci NOT NULL,
  `genero_jubilado` varchar(1) COLLATE utf8_unicode_ci DEFAULT NULL,
  `cliente_sap` varchar(255) COLLATE utf8_unicode_ci NOT NULL,
  `letra_servicio` varchar(255) COLLATE utf8_unicode_ci NOT NULL,
  `arancel` double DEFAULT NULL,
  `porcentaje_recargo_primer_vencimiento` double DEFAULT NULL,
  `porcentaje_recargo_segundo_vencimiento` double DEFAULT NULL,
  `dias_vigencia` int(11) DEFAULT NULL,
  `dias_primer_vencimiento` int(11) DEFAULT NULL,
  `dias_segundo_vencimiento` int(11) DEFAULT NULL,
  `fecha_tope` datetime NOT NULL,
  `is_active` tinyint(1) NOT NULL,
  `aplica_provincia` varchar(255) COLLATE utf8_unicode_ci DEFAULT NULL,
  PRIMARY KEY (`id`)
) ENGINE=InnoDB AUTO_INCREMENT=9 DEFAULT CHARSET=utf8 COLLATE=utf8_unicode_ci;
/*!40101 SET character_set_client = @saved_cs_client */;

--
-- Dumping data for table `tipo_licencia`
--

LOCK TABLES `tipo_licencia` WRITE;
/*!40000 ALTER TABLE `tipo_licencia` DISABLE KEYS */;
INSERT INTO `tipo_licencia` VALUES (1,'Caza Deportiva Particular',NULL,'15964','A',300,0,0,365,0,0,'2019-04-23 10:43:30',1,'SF'),(2,'Pesca Deportiva Particular',NULL,'15964','A',500,0,0,365,0,0,'2019-04-23 10:43:30',1,'SF'),(3,'Caza Deportiva Turista Nacional',NULL,'15964','A',400,0,0,7,0,0,'2019-04-23 10:43:30',1,'T'),(4,'Pesca Deportiva Turista Nacional',NULL,'15964','A',200,0,0,7,0,0,'2019-04-23 10:43:30',1,'T'),(5,'Caza deportiva Dama','f','15964','A',0,0,0,365,0,0,'2019-04-23 10:43:30',1,'SF'),(6,'Pesca deportiva Dama','f','15964','A',0,0,0,365,0,0,'2019-04-23 10:43:30',1,'SF'),(7,'Caza deportiva Jubilado','j','15964','A',0,0,0,365,0,0,'2019-04-23 10:43:30',1,'SF'),(8,'Pesca deportiva Jubilado','j','15964','A',0,0,0,365,0,0,'2019-04-23 10:43:30',1,'SF');
/*!40000 ALTER TABLE `tipo_licencia` ENABLE KEYS */;
UNLOCK TABLES;

--
-- Table structure for table `usuario`
--

DROP TABLE IF EXISTS `usuario`;
/*!40101 SET @saved_cs_client     = @@character_set_client */;
/*!40101 SET character_set_client = utf8 */;
CREATE TABLE `usuario` (
  `id` int(11) NOT NULL AUTO_INCREMENT,
  `nombre` varchar(50) COLLATE utf8_unicode_ci NOT NULL,
  `apellido` varchar(50) COLLATE utf8_unicode_ci NOT NULL,
  `dni` varchar(9) COLLATE utf8_unicode_ci NOT NULL,
  `email` varchar(50) COLLATE utf8_unicode_ci NOT NULL,
  `telefono` varchar(50) COLLATE utf8_unicode_ci DEFAULT NULL,
  `role` enum('ROLE_ADMIN','ROLE_TECNICO','ROLE_SUPER_ADMIN') COLLATE utf8_unicode_ci DEFAULT NULL,
  `password` varchar(255) COLLATE utf8_unicode_ci DEFAULT NULL,
  `is_active` tinyint(1) NOT NULL,
  `salt` varchar(255) COLLATE utf8_unicode_ci DEFAULT NULL,
  `discr` varchar(255) COLLATE utf8_unicode_ci NOT NULL,
  `especialidad` varchar(100) COLLATE utf8_unicode_ci DEFAULT NULL,
  `cargo` varchar(100) COLLATE utf8_unicode_ci DEFAULT NULL,
  PRIMARY KEY (`id`),
  UNIQUE KEY `UNIQ_2265B05D7F8F253B` (`dni`),
  UNIQUE KEY `UNIQ_2265B05DE7927C74` (`email`)
) ENGINE=InnoDB AUTO_INCREMENT=5 DEFAULT CHARSET=utf8 COLLATE=utf8_unicode_ci;
/*!40101 SET character_set_client = @saved_cs_client */;

--
-- Dumping data for table `usuario`
--

LOCK TABLES `usuario` WRITE;
/*!40000 ALTER TABLE `usuario` DISABLE KEYS */;
INSERT INTO `usuario` VALUES (1,'rene','Recalde','29555666','rrene@santafe.gov.ar',NULL,'ROLE_TECNICO','$2a$12$ASEmW.jr12YKh.26XA1Z7urhZ0Fs.03fctD0FEUeUBVJwg1PVWnoG',1,'','tecnico','Tecnico de caza',NULL),(2,'ernesto','Abrigo','29566566','eabrigo@santafe.gov.ar',NULL,'ROLE_TECNICO','$2a$12$ASEmW.jr12YKh.26XA1Z7urhZ0Fs.03fctD0FEUeUBVJwg1PVWnoG',1,'','tecnico','Tecnico de pesca',NULL),(3,'Gustavo','Espinosa','29409557','agespinosa@santafe.gov.ar',NULL,'ROLE_SUPER_ADMIN','$2a$12$ASEmW.jr12YKh.26XA1Z7urhZ0Fs.03fctD0FEUeUBVJwg1PVWnoG',1,'','administrador',NULL,'Desarrollador'),(4,'Sonia','Lavandaio','00000000','sonial@santafe.gov.ar',NULL,'ROLE_SUPER_ADMIN','$2a$12$ASEmW.jr12YKh.26XA1Z7urhZ0Fs.03fctD0FEUeUBVJwg1PVWnoG',1,'','administrador',NULL,'Project Manager');
/*!40000 ALTER TABLE `usuario` ENABLE KEYS */;
UNLOCK TABLES;
/*!40103 SET TIME_ZONE=@OLD_TIME_ZONE */;

/*!40101 SET SQL_MODE=@OLD_SQL_MODE */;
/*!40014 SET FOREIGN_KEY_CHECKS=@OLD_FOREIGN_KEY_CHECKS */;
/*!40014 SET UNIQUE_CHECKS=@OLD_UNIQUE_CHECKS */;
/*!40101 SET CHARACTER_SET_CLIENT=@OLD_CHARACTER_SET_CLIENT */;
/*!40101 SET CHARACTER_SET_RESULTS=@OLD_CHARACTER_SET_RESULTS */;
/*!40101 SET COLLATION_CONNECTION=@OLD_COLLATION_CONNECTION */;
/*!40111 SET SQL_NOTES=@OLD_SQL_NOTES */;

-- Dump completed on 2019-04-24  8:14:19
